{
	"wind_resource_model_choice" : 0,
	"wind_resource_filename" : "C:/SAM/2025.4.16/wind_resource/AZ Eastern-Rolling Hills.srw",
	"wind_resource_distribution" : [ [ 0 ] ],
	"weibull_reference_height" : 50,
	"weibull_k_factor" : 2,
	"weibull_wind_speed" : 7.25,
	"wind_resource_shear" : 0.14000000000000001,
	"wind_turbine_rotor_diameter" : 62,
	"wind_turbine_powercurve_windspeeds" : [ 1, 2, 3, 4, 5, 6, 7, 8, 9, 10, 11, 12, 13, 14, 15, 16, 17, 18, 19, 20, 21, 22, 23, 24, 25, 26, 27, 28, 29, 30 ],
	"wind_turbine_powercurve_powerout" : [ 0, 0, 7, 43, 95, 168, 269, 399, 560, 731, 859, 929, 969, 990, 1000, 1000, 1000, 1000, 1000, 1000, 1000, 1000, 1000, 1000, 1000, 0, 0, 0, 0, 0 ],
	"wind_turbine_hub_ht" : 80,
	"wind_turbine_max_cp" : 0.45000000000000001,
	"wind_farm_wake_model" : 0,
	"wind_resource_turbulence_coeff" : 0.10000000000000001,
	"wind_farm_xCoordinates" : [ 0, 496, 992, 1488, 1984, 0, 496, 992, 1488, 1984 ],
	"wind_farm_yCoordinates" : [ 0, 0, 0, 0, 0, 496, 496, 496, 496, 496 ],
	"wake_int_loss" : 0,
	"wake_ext_loss" : 1.1000000000000001,
	"wake_future_loss" : 0,
	"avail_bop_loss" : 0.5,
	"avail_grid_loss" : 1.5,
	"avail_turb_loss" : 3.5800000000000001,
	"elec_eff_loss" : 1.9099999999999999,
	"elec_parasitic_loss" : 0.10000000000000001,
	"env_degrad_loss" : 1.8,
	"env_exposure_loss" : 0,
	"env_env_loss" : 0.40000000000000002,
	"env_icing_loss" : 0.20999999999999999,
	"ops_env_loss" : 1,
	"ops_grid_loss" : 0.83999999999999997,
	"ops_load_loss" : 0.98999999999999999,
	"ops_strategies_loss" : 0,
	"turb_generic_loss" : 1.7,
	"turb_hysteresis_loss" : 0.40000000000000002,
	"turb_perf_loss" : 1.1000000000000001,
	"turb_specific_loss" : 0.81000000000000005
}
